a81d594, Fredrik Boström, Thu Apr 27 20:57:00 2017 +0300
019abc5, GitHub, Mon Apr 17 20:15:20 2017 +0300
c0d09af, GitHub, Mon Apr 17 16:26:29 2017 +0300
65f5006, Fredrik Boström, Wed Jan 18 21:40:13 2017 +0200
55564a3, GitHub, Sun Jan 15 17:19:41 2017 +0200
c4da3b4, benmag1, Sun Jan 15 15:12:49 2017 +0000
6c64bd0, GitHub, Sat Jan 14 19:44:59 2017 +0200
55c5e07, GitHub, Sat Jan 14 19:44:39 2017 +0200
aac9612, Fredrik Boström, Sat Jan 14 19:39:30 2017 +0200
bc769dc, Fredrik Boström, Sat Jan 14 13:04:52 2017 +0200
e39fa41, GitHub, Tue Jan 10 12:47:05 2017 +0200
622710f, Fredrik Boström, Tue Jan 10 12:40:54 2017 +0200
94dc0eb, GitHub, Tue Jan 10 11:30:08 2017 +0800
d55c439, Fredrik Boström, Tue Jan 10 00:06:53 2017 +0200
9e4b3b4, Fredrik Boström, Sat Jan 7 19:54:21 2017 +0200
28347b1, Fredrik Boström, Sat Jan 7 17:50:08 2017 +0200
8ef2c2c, Fredrik Boström, Fri Jan 6 23:29:23 2017 +0200
7155bc7, Fredrik Boström, Fri Jan 6 23:22:45 2017 +0200
c49ca45, Fredrik Boström, Fri Jan 6 23:13:16 2017 +0200
2bfb745, Fredrik Boström, Fri Jan 6 00:21:31 2017 +0200
b583197, GitHub, Fri Jan 6 00:11:16 2017 +0200
ca9856a, Fredrik Boström, Thu Jan 5 22:55:32 2017 +0200
58caacd, Fredrik Boström, Thu Jan 5 22:27:01 2017 +0200
fdd5de6, Fredrik Boström, Thu Jan 5 21:31:57 2017 +0200
7c245a2, Fredrik Boström, Thu Jan 5 11:55:22 2017 +0200
c92b138, Fredrik Boström, Thu Jan 5 11:51:59 2017 +0200
fb242ae, Fredrik Boström, Thu Jan 5 11:51:59 2017 +0200
7fd668b, Fredrik Boström, Wed Jan 4 22:38:45 2017 +0200
1a988cb, Fredrik Boström, Wed Jan 4 20:48:55 2017 +0200
8552c51, Fredrik Boström, Fri Dec 30 13:16:28 2016 +0200
6883075, Fredrik Boström, Thu Dec 29 23:43:52 2016 +0200
34b0e9a, Fredrik Boström, Thu Dec 29 23:35:13 2016 +0200
7c30615, Fredrik Boström, Thu Dec 29 23:31:26 2016 +0200
8bfa685, Fredrik Boström, Mon Dec 26 11:06:54 2016 +0200
bc16122, Fredrik Boström, Mon Dec 26 11:06:23 2016 +0200
e0b68a0, Fredrik Boström, Sun Dec 25 22:50:14 2016 +0200
2596035, Fredrik Boström, Sun Dec 25 21:33:43 2016 +0200
088f4e4, Fredrik Boström, Sun Dec 25 21:04:12 2016 +0200
71472a2, Fredrik Boström, Sun Dec 25 20:46:36 2016 +0200
74d444e, Fredrik Boström, Sun Dec 25 19:59:26 2016 +0200
9d25a39, Fredrik Boström, Sun Dec 25 19:34:21 2016 +0200
a0495a1, Fredrik Boström, Sun Dec 25 19:33:54 2016 +0200
2dabd86, Fredrik Boström, Sun Dec 25 19:01:41 2016 +0200
6df9216, Fredrik Boström, Sun Dec 25 18:53:12 2016 +0200
d4f919f, Fredrik Boström, Sun Dec 25 18:52:32 2016 +0200
e60c2e5, Fredrik Boström, Sun Dec 25 18:50:13 2016 +0200
de8f561, GitHub, Sun Dec 25 18:00:59 2016 +0200
d60d599, Fredrik Boström, Sun Dec 25 13:56:16 2016 +0200
c0a8f40, Fredrik Boström, Sun Dec 25 13:51:50 2016 +0200